,Region,Nonsynonymous Mutations,Synonymous Mutations,dN/dS ratio
0,N-terminal,69,140,0.2670601496129201
1,Transmembrane,49,93,0.2854967471317799
2,Mucin-like I,750,593,0.6853218884413962
3,Central conserved domain,50,185,0.14644896571017943
4,Heparin-binding domain,31,125,0.13438157093566067
5,Mucin-like II,1976,1801,0.5945128695726063
