,Region,Nonsynonymous Mutations,Synonymous Mutations,dN/dS ratio
0,N-terminal,71,198,0.1921341534607172
1,Transmembrane,67,131,0.2740406063659686
2,Mucin-like I,867,626,0.742089312603777
3,Central conserved domain,18,103,0.09363682796854861
4,Heparin-binding domain,39,63,0.3316923615076365
5,Mucin-like II,2237,2257,0.5310627472323451
